MODEL,MAKE,MODEL_1,VEHICLE CLASS,ENGINE_SIZE,CYLINDERS,TRANSMISSION,FUEL,FUEL_CONSUMPTION*,CO2_EMISSIONS,VEHICLE_CLASS
2001,1,1,COMPACT,1.7,4,1,1,9.3,191,1
2001,1,1,COMPACT,1.7,4,2,1,8.9,191,1
2001,1,2,COMPACT,3.2,6,3,2,13.7,265,1
2001,1,3,MID-SIZE,3.2,6,3,2,13.8,267,2
2001,1,4,MID-SIZE,3.5,6,1,2,15,301,2
2001,1,5,SUBCOMPACT,1.8,4,1,1,11.4,232,3
2001,1,5,SUBCOMPACT,1.8,4,2,1,10.6,221,3
2001,1,6,SUBCOMPACT,1.8,4,2,2,10.8,223,3
2001,1,7,SUV,3.5,6,4,2,15.5,311,4
2001,1,8,TWO-SEATER,3,6,5,2,15.3,306,5
2001,1,8,TWO-SEATER,3.2,6,6,2,15.6,308,5
2001,2,9,COMPACT,1.8,4,4,2,13.2,260,1
2001,2,9,COMPACT,1.8,4,2,2,11.8,232,1
2001,2,9,COMPACT,2.8,6,4,2,14.6,285,1
2001,2,10,COMPACT,1.8,4,4,2,13.3,265,1
2001,2,10,COMPACT,1.8,4,2,2,12.2,244,1
2001,2,10,COMPACT,2.8,6,4,2,14.9,292,1
2001,2,10,COMPACT,2.8,6,2,2,14.3,288,1
2001,2,11,MID-SIZE,2.8,6,4,2,15,294,2
2001,2,12,STATION WAGON - MID-SIZE,2.8,6,4,2,15.4,306,6
2001,2,13,MID-SIZE,2.7,6,4,2,15.2,301,2
2001,2,13,MID-SIZE,2.7,6,6,2,15.2,304,2
2001,2,13,MID-SIZE,2.8,6,4,2,15.4,306,2
2001,2,13,MID-SIZE,4.2,8,4,2,15.4,301,2
2001,2,14,FULL-SIZE,4.2,8,4,2,15.4,301,7
2001,2,15,FULL-SIZE,4.2,8,4,2,15.4,301,7
2001,2,16,SUV,2.7,6,4,2,17.1,345,4
2001,2,16,SUV,2.7,6,6,2,16.5,336,4
2001,2,17,COMPACT,2.7,6,4,2,15.2,301,1
2001,2,17,COMPACT,2.7,6,6,2,15.2,304,1
2001,2,18,MID-SIZE,4.2,8,4,2,17.8,347,2
2001,2,19,MINICOMPACT,1.8,4,2,2,13.1,260,8
2001,2,20,MINICOMPACT,1.8,4,6,2,13.1,260,8
2001,2,21,TWO-SEATER,1.8,4,2,2,12.3,246,5
2001,2,22,TWO-SEATER,1.8,4,6,2,13.1,260,5
2001,3,23,COMPACT,2.2,6,4,2,13.1,258,1
2001,3,23,COMPACT,2.2,6,2,2,12.8,251,1
2001,3,24,SUBCOMPACT,2.5,6,4,2,13.3,265,3
2001,3,24,SUBCOMPACT,2.5,6,2,2,13,253,3
2001,3,25,MINICOMPACT,2.5,6,4,2,13.7,274,8
2001,3,25,MINICOMPACT,2.5,6,2,2,13.9,274,8
2001,3,26,COMPACT,2.5,6,4,2,13.3,265,1
2001,3,26,COMPACT,2.5,6,2,2,13,253,1
2001,3,27,COMPACT,2.5,6,4,2,13.5,274,1
2001,3,27,COMPACT,2.5,6,2,2,13.6,271,1
2001,3,28,SUBCOMPACT,3,6,4,2,13.1,260,3
2001,3,28,SUBCOMPACT,3,6,2,2,12.8,251,3
2001,3,29,MINICOMPACT,3,6,4,2,14.2,281,8
2001,3,29,MINICOMPACT,3,6,2,2,14.5,290,8
2001,3,30,COMPACT,3,6,4,2,13.1,260,1
2001,3,30,COMPACT,3,6,2,2,12.8,251,1
2001,3,31,COMPACT,3,6,4,2,14.6,290,1
2001,3,31,COMPACT,3,6,2,2,13.4,267,1
2001,3,32,COMPACT,2.5,6,4,2,13.3,265,1
2001,3,32,COMPACT,2.5,6,2,2,13,253,1
2001,3,33,STATION WAGON - SMALL,2.5,6,4,2,13.7,274,9
2001,3,33,STATION WAGON - SMALL,2.5,6,2,2,13.9,274,9
2001,3,34,COMPACT,3,6,4,2,14.2,281,1
2001,3,34,COMPACT,3,6,2,2,12.8,251,1
2001,3,35,COMPACT,4.4,8,4,2,14.7,294,1
2001,3,35,COMPACT,4.4,8,6,2,16.4,317,1
2001,3,36,STATION WAGON - SMALL,4.4,8,4,2,15.5,320,9
2001,3,37,MID-SIZE,4.4,8,4,2,15.4,308,2
2001,3,38,FULL-SIZE,4.4,8,4,2,15.4,308,7
2001,3,39,FULL-SIZE,5.4,12,4,2,19.1,373,7
2001,3,40,TWO-SEATER,3.2,6,2,2,15.2,299,5
2001,3,41,TWO-SEATER,3.2,6,2,2,15.2,299,5
2001,3,42,SUBCOMPACT,3.2,6,6,2,16.2,315,3
2001,3,43,MINICOMPACT,3.2,6,6,2,16.6,324,8
2001,3,44,COMPACT,4.9,8,6,2,19.4,373,1
2001,3,45,SUV,3,6,4,2,16.4,338,4
2001,3,45,SUV,3,6,2,2,17.3,347,4
2001,3,45,SUV,4.4,8,4,2,18.2,375,4
2001,3,46,TWO-SEATER,2.5,6,1,2,13.3,267,5
2001,3,46,TWO-SEATER,2.5,6,2,2,13.3,265,5
2001,3,46,TWO-SEATER,3,6,4,2,13.5,274,5
2001,3,46,TWO-SEATER,3,6,2,2,12.7,253,5
2001,3,47,TWO-SEATER,4.9,8,6,2,19.4,373,5
2001,4,48,MID-SIZE,3.1,6,1,1,13,258,2
2001,4,49,FULL-SIZE,3.8,6,1,1,13.8,265,7
2001,4,50,FULL-SIZE,3.8,6,1,1,13.8,265,7
2001,4,51,FULL-SIZE,3.8,6,1,2,14.5,278,7
2001,4,52,MID-SIZE,3.8,6,1,1,14.3,271,2
2001,4,53,MID-SIZE,3.8,6,1,2,14.5,278,2
2001,5,54,MID-SIZE,3,6,1,2,15.4,308,2
2001,5,55,FULL-SIZE,4.6,8,1,2,15.6,294,7
2001,5,56,MID-SIZE,4.6,8,1,2,15.6,294,2
2001,5,57,MID-SIZE,4.6,8,1,2,15.6,294,2
2001,6,58,VAN - CARGO,4.3,6,1,1,15.4,313,10
2001,6,59,VAN - CARGO,4.3,6,1,1,17.2,350,10
2001,6,60,VAN - PASSENGER,4.3,6,1,1,16,324,11
2001,6,61,VAN - PASSENGER,4.3,6,1,1,17.9,370,11
2001,6,62,SUV,4.3,6,1,1,15.4,313,4
2001,6,62,SUV,4.3,6,2,1,17,343,4
2001,6,63,SUV,4.3,6,1,1,17.2,350,4
2001,6,63,SUV,4.3,6,2,1,18.7,386,4
2001,6,64,PICKUP TRUCK - STANDARD,4.3,6,1,1,16,324,12
2001,6,64,PICKUP TRUCK - STANDARD,4.3,6,2,1,17.1,347,12
2001,6,64,PICKUP TRUCK - STANDARD,4.8,8,1,1,17,347,12
2001,6,64,PICKUP TRUCK - STANDARD,4.8,8,2,1,18.6,368,12
2001,6,64,PICKUP TRUCK - STANDARD,5.3,8,1,1,17.6,366,12
2001,6,65,SUV,5.3,8,1,1,18.7,391,4
2001,6,66,SUV,4.8,8,1,1,17.6,357,4
2001,6,66,SUV,5.3,8,1,1,18.7,391,4
2001,6,67,SUBCOMPACT,3.8,6,1,1,13.7,262,3
2001,6,67,SUBCOMPACT,3.8,6,2,1,13.8,262,3
2001,6,67,SUBCOMPACT,5.7,8,1,2,14.7,292,3
2001,6,67,SUBCOMPACT,5.7,8,6,2,13.9,274,3
2001,6,68,COMPACT,2.2,4,1,1,11.7,235,1
2001,6,68,COMPACT,2.2,4,2,1,12.2,239,1
2001,6,68,COMPACT,2.4,4,1,1,12.9,255,1
2001,6,68,COMPACT,2.4,4,2,1,12.7,246,1
2001,6,69,COMPACT,2.2,4,1,1,11.7,235,1
2001,6,70,TWO-SEATER,5.7,8,1,2,14.7,292,5
2001,6,70,TWO-SEATER,5.7,8,6,2,13.9,274,5
2001,6,71,VAN - CARGO,4.3,6,1,1,17.7,368,10
2001,6,71,VAN - CARGO,5,8,1,1,18.7,389,10
2001,6,71,VAN - CARGO,5.7,8,1,1,19.3,398,10
2001,6,72,VAN - PASSENGER,4.3,6,1,1,18.3,380,11
2001,6,72,VAN - PASSENGER,5,8,1,1,18.7,389,11
2001,6,72,VAN - PASSENGER,5.7,8,1,1,19.9,407,11
2001,6,73,FULL-SIZE,3.4,6,1,1,12.5,239,7
2001,6,73,FULL-SIZE,3.8,6,1,1,14.3,271,7
2001,6,74,PICKUP TRUCK - STANDARD,4.3,6,1,1,17.2,350,12
2001,6,74,PICKUP TRUCK - STANDARD,4.3,6,2,1,18.7,386,12
2001,6,74,PICKUP TRUCK - STANDARD,4.8,8,1,1,17.1,357,12
2001,6,74,PICKUP TRUCK - STANDARD,4.8,8,2,1,20.3,409,12
2001,6,74,PICKUP TRUCK - STANDARD,5.3,8,1,1,18,377,12
2001,6,75,SUV,5.3,8,1,1,19.1,403,4
2001,6,76,SUV,4.8,8,1,1,17.1,357,4
2001,6,76,SUV,5.3,8,1,1,18.9,396,4
2001,6,77,MID-SIZE,3.1,6,1,1,13,258,2
2001,6,78,MID-SIZE,3.4,6,1,1,12.5,239,2
2001,6,78,MID-SIZE,3.8,6,1,1,14.3,271,2
2001,6,79,PICKUP TRUCK - SMALL,4.3,6,1,1,15.4,313,13
2001,6,79,PICKUP TRUCK - SMALL,4.3,6,2,1,17,343,13
2001,6,80,PICKUP TRUCK - STANDARD,4.3,6,1,1,18.2,380,12
2001,6,80,PICKUP TRUCK - STANDARD,4.3,6,2,1,18.6,384,12
2001,6,81,PICKUP TRUCK - SMALL,2.2,4,1,1,14.2,283,13
2001,6,81,PICKUP TRUCK - SMALL,2.2,4,1,3,19.6,275,13
2001,6,81,PICKUP TRUCK - SMALL,2.2,4,2,1,13,260,13
2001,6,81,PICKUP TRUCK - SMALL,2.2,4,2,3,17.3,245,13
2001,6,82,SUV,1.6,4,2,1,10.5,228,4
2001,6,82,SUV,2,4,1,1,11.7,251,4
2001,6,82,SUV,2,4,2,1,11.9,253,4
2001,6,83,SUV,2,4,1,1,11.7,251,4
2001,6,83,SUV,2,4,2,1,11.9,253,4
2001,6,84,MINIVAN,3.4,6,1,1,13.8,276,14
2001,7,85,FULL-SIZE,3.5,6,5,1,14.7,288,7
2001,7,86,FULL-SIZE,2.7,6,1,1,13.4,265,7
2001,7,86,FULL-SIZE,3.2,6,1,1,14.2,278,7
2001,7,87,FULL-SIZE,2.7,6,1,1,13.4,265,7
2001,7,87,FULL-SIZE,2.7,6,5,1,13.3,262,7
2001,7,87,FULL-SIZE,3.2,6,5,1,14.2,278,7
2001,7,87,FULL-SIZE,3.5,6,5,1,14.7,288,7
2001,7,88,FULL-SIZE,3.5,6,1,1,14.7,288,7
2001,7,89,COMPACT,2,4,7,1,11.3,230,1
2001,7,89,COMPACT,2,4,2,1,9.9,205,1
2001,7,90,COMPACT,2,4,2,1,10.5,216,1
2001,7,91,SUV,2.4,4,1,1,13.4,276,4
2001,7,91,SUV,2.4,4,2,1,13.2,269,4
2001,7,92,MID-SIZE,2.4,4,1,1,13.2,253,2
2001,7,92,MID-SIZE,2.7,6,1,1,13.4,265,2
2001,7,92,MID-SIZE,2.7,6,5,1,13.3,262,2
2001,7,93,COMPACT,2.7,6,1,1,13.4,265,1
2001,7,93,COMPACT,2.7,6,5,1,13.3,262,1
2001,7,94,COMPACT,2.4,4,1,1,13,262,1
2001,7,94,COMPACT,3,6,1,1,13.8,274,1
2001,7,94,COMPACT,3,6,5,1,13.8,274,1
2001,7,94,COMPACT,3,6,2,1,13.1,260,1
2001,7,95,MINIVAN,3.3,6,1,1,14.9,299,14
2001,7,95,MINIVAN,3.8,6,1,1,15.3,306,14
2001,7,96,MINIVAN,3.8,6,1,1,15.6,315,14
2001,8,97,COMPACT,1.5,4,1,1,11.3,216,1
2001,8,97,COMPACT,1.5,4,2,1,10.3,205,1
2001,8,97,COMPACT,1.6,4,1,1,11.6,225,1
2001,8,97,COMPACT,1.6,4,2,1,10.4,207,1
2001,8,98,MID-SIZE,2.2,4,1,1,13.4,265,2
2001,8,98,MID-SIZE,2.2,4,2,1,13.1,258,2
2001,8,99,COMPACT,2,4,1,1,12,239,1
2001,8,99,COMPACT,2,4,2,1,11.9,237,1
2001,8,100,STATION WAGON - SMALL,2,4,1,1,12,239,9
2001,8,100,STATION WAGON - SMALL,2,4,2,1,11.9,237,9
2001,9,101,MINIVAN,3.3,6,1,1,14.9,299,14
2001,9,102,PICKUP TRUCK - STANDARD,3.9,6,1,1,16.8,343,12
2001,9,102,PICKUP TRUCK - STANDARD,3.9,6,2,1,17.7,347,12
2001,9,102,PICKUP TRUCK - STANDARD,3.9,6,2,1,18,352,12
2001,9,102,PICKUP TRUCK - STANDARD,4.7,8,1,1,18.4,368,12
2001,9,102,PICKUP TRUCK - STANDARD,4.7,8,2,1,17.9,354,12
2001,9,102,PICKUP TRUCK - STANDARD,5.9,8,1,1,20.7,414,12
2001,9,103,PICKUP TRUCK - STANDARD,3.9,6,1,1,18.1,373,12
2001,9,103,PICKUP TRUCK - STANDARD,3.9,6,2,1,18.1,361,12
2001,9,103,PICKUP TRUCK - STANDARD,4.7,8,1,1,19.6,391,12
2001,9,103,PICKUP TRUCK - STANDARD,4.7,8,2,1,18.6,377,12
2001,9,103,PICKUP TRUCK - STANDARD,5.9,8,1,1,21.6,428,12
2001,9,103,PICKUP TRUCK - STANDARD,5.9,8,1,1,21.9,432,12
2001,9,104,SUV,4.7,8,1,1,20.2,403,4
2001,9,104,SUV,5.9,8,1,1,21.6,428,4
2001,9,105,SUV,5.9,8,1,2,21.6,428,4
2001,9,106,MINIVAN,3.3,6,1,1,14.9,299,14
2001,9,106,MINIVAN,3.8,6,1,1,15.3,306,14
2001,9,106,MINIVAN,3.8,6,5,1,15.3,306,14
2001,9,107,MINIVAN,3.8,6,1,1,15.6,315,14
2001,9,107,MINIVAN,3.8,6,5,1,15.9,317,14
2001,9,108,PICKUP TRUCK - STANDARD,3.9,6,1,1,17,347,12
2001,9,108,PICKUP TRUCK - STANDARD,3.9,6,1,1,16.9,347,12
2001,9,108,PICKUP TRUCK - STANDARD,3.9,6,2,1,18.2,359,12
2001,9,108,PICKUP TRUCK - STANDARD,3.9,6,2,1,17.7,350,12
2001,9,108,PICKUP TRUCK - STANDARD,5.2,8,1,1,20.1,398,12
2001,9,108,PICKUP TRUCK - STANDARD,5.2,8,1,1,20,396,12
2001,9,108,PICKUP TRUCK - STANDARD,5.2,8,2,1,20.2,393,12
2001,9,108,PICKUP TRUCK - STANDARD,5.9,8,1,1,21.4,421,12
2001,9,108,PICKUP TRUCK - STANDARD,5.9,8,1,1,21.4,414,12
2001,9,109,PICKUP TRUCK - STANDARD,5.2,8,1,1,21.6,435,12
2001,9,109,PICKUP TRUCK - STANDARD,5.2,8,2,1,22.1,439,12
2001,9,109,PICKUP TRUCK - STANDARD,5.9,8,1,1,21.6,426,12
2001,9,110,VAN - CARGO,3.9,6,7,1,17.8,384,10
2001,9,110,VAN - CARGO,5.2,8,1,1,20,396,10
2001,9,110,VAN - CARGO,5.9,8,1,1,21.5,423,10
2001,9,111,VAN - PASSENGER,3.9,6,7,1,18.9,400,11
2001,9,111,VAN - PASSENGER,5.2,8,1,1,20,396,11
2001,9,112,VAN - CARGO,3.9,6,7,1,18.9,400,10
2001,9,112,VAN - CARGO,5.2,8,1,1,20,396,10
2001,9,112,VAN - CARGO,5.9,8,1,1,21.5,423,10
2001,9,113,VAN - CARGO,5.2,8,1,4,20.8,355,10
2001,9,114,VAN - PASSENGER,5.2,8,1,1,21.4,435,11
2001,9,114,VAN - PASSENGER,5.9,8,1,1,21.6,423,11
2001,9,115,VAN - PASSENGER,5.2,8,1,4,21.4,359,11
2001,9,116,TWO-SEATER,8,10,6,2,23,419,5
2001,9,117,TWO-SEATER,8,10,6,2,23,419,5
2001,10,118,COMPACT,2.5,6,1,1,13.3,260,1
2001,10,118,COMPACT,2.5,6,2,1,12.9,251,1
2001,10,119,FULL-SIZE,4.6,8,1,1,14.9,294,7
2001,10,120,FULL-SIZE,4.6,8,1,4,17.3,274,7
2001,10,121,VAN - PASSENGER,4.2,6,1,1,18,363,11
2001,10,121,VAN - PASSENGER,4.6,8,1,1,18.1,363,11
2001,10,121,VAN - PASSENGER,5.4,8,1,1,20.2,412,11
2001,10,122,VAN - CARGO,4.2,6,1,1,18,363,10
2001,10,122,VAN - CARGO,4.6,8,1,1,16.7,338,10
2001,10,122,VAN - CARGO,5.4,8,1,1,17.9,363,10
2001,10,123,VAN - CARGO,4.2,6,1,1,18,363,10
2001,10,123,VAN - CARGO,5.4,8,1,1,20.8,430,10
2001,10,124,VAN - CARGO,5.4,8,1,4,22.1,378,10
2001,10,125,SUV,2,4,2,1,11.4,239,4
2001,10,125,SUV,3,6,1,1,14.7,294,4
2001,10,126,SUV,2,4,2,1,12,253,4
2001,10,126,SUV,3,6,1,1,15,301,4
2001,10,127,SUV,4,6,4,1,17.4,357,4
2001,10,128,PICKUP TRUCK - STANDARD,4,6,4,1,16.7,340,12
2001,10,128,PICKUP TRUCK - STANDARD,4,6,2,1,15.3,320,12
2001,10,129,PICKUP TRUCK - STANDARD,4,6,4,1,17.4,357,12
2001,10,129,PICKUP TRUCK - STANDARD,4,6,2,1,16.3,340,12
2001,10,130,SUV,4.6,8,1,1,18.7,382,4
2001,10,130,SUV,5.4,8,1,1,21.2,426,4
2001,10,131,SUV,4,6,4,1,17.4,357,4
2001,10,131,SUV,5,8,1,1,18.6,373,4
2001,10,132,PICKUP TRUCK - STANDARD,4.2,6,1,1,16.4,338,12
2001,10,132,PICKUP TRUCK - STANDARD,4.2,6,2,1,16.2,336,12
2001,10,132,PICKUP TRUCK - STANDARD,4.6,8,1,1,16.7,340,12
2001,10,132,PICKUP TRUCK - STANDARD,4.6,8,2,1,17.2,354,12
2001,10,132,PICKUP TRUCK - STANDARD,5.4,8,1,1,17.9,363,12
2001,10,133,PICKUP TRUCK - STANDARD,4.2,6,1,1,17.1,354,12
2001,10,133,PICKUP TRUCK - STANDARD,4.2,6,2,1,17.2,357,12
2001,10,133,PICKUP TRUCK - STANDARD,4.6,8,1,1,17.3,361,12
2001,10,133,PICKUP TRUCK - STANDARD,4.6,8,2,1,18.4,377,12
2001,10,133,PICKUP TRUCK - STANDARD,5.4,8,1,1,19.3,398,12
2001,10,134,COMPACT,2,4,1,1,10.5,214,1
2001,10,134,COMPACT,2,4,2,1,9.6,196,1
2001,10,135,COMPACT,2,4,1,1,10.9,223,1
2001,10,135,COMPACT,2,4,2,1,10.9,219,1
2001,10,136,STATION WAGON - MID-SIZE,2,4,1,1,10.5,214,6
2001,10,136,STATION WAGON - MID-SIZE,2,4,2,1,9.6,196,6
2001,10,137,STATION WAGON - MID-SIZE,2,4,1,1,10.9,223,6
2001,10,137,STATION WAGON - MID-SIZE,2,4,2,1,10.9,219,6
2001,10,138,FULL-SIZE,4.6,8,1,1,14.9,294,7
2001,10,139,SUBCOMPACT,3.8,6,1,1,13.8,274,3
2001,10,139,SUBCOMPACT,3.8,6,2,1,13.7,267,3
2001,10,139,SUBCOMPACT,4.6,8,1,1,14.8,294,3
2001,10,139,SUBCOMPACT,4.6,8,2,1,15,297,3
2001,10,140,SUBCOMPACT,4.6,8,2,2,15.5,304,3
2001,10,141,PICKUP TRUCK - STANDARD,3,6,4,1,16,327,12
2001,10,141,PICKUP TRUCK - STANDARD,3,6,2,1,15.2,311,12
2001,10,141,PICKUP TRUCK - STANDARD,4,6,4,1,15.9,324,12
2001,10,141,PICKUP TRUCK - STANDARD,4,6,2,1,15.3,317,12
2001,10,142,PICKUP TRUCK - STANDARD,3,6,4,1,17.4,361,12
2001,10,142,PICKUP TRUCK - STANDARD,3,6,2,1,15.7,329,12
2001,10,142,PICKUP TRUCK - STANDARD,4,6,4,1,17.3,359,12
2001,10,142,PICKUP TRUCK - STANDARD,4,6,2,1,16.9,350,12
2001,10,143,MID-SIZE,3,6,1,1,14.6,283,2
2001,10,144,MID-SIZE,3,6,1,1,13.5,269,2
2001,10,145,STATION WAGON - MID-SIZE,3,6,1,1,14.9,290,6
2001,10,146,STATION WAGON - MID-SIZE,3,6,1,1,14.3,283,6
2001,10,147,MINIVAN,3.8,6,1,1,14.9,299,14
2001,11,148,PICKUP TRUCK - STANDARD,4.3,6,1,1,16,324,12
2001,11,148,PICKUP TRUCK - STANDARD,4.3,6,2,1,17.1,347,12
2001,11,148,PICKUP TRUCK - STANDARD,4.8,8,1,1,17,347,12
2001,11,148,PICKUP TRUCK - STANDARD,4.8,8,2,1,18.6,368,12
2001,11,148,PICKUP TRUCK - STANDARD,5.3,8,1,1,17.6,363,12
2001,11,149,SUV,4.8,8,1,1,17.6,357,4
2001,11,149,SUV,5.3,8,1,1,18.7,391,4
2001,11,150,SUV,5.3,8,1,1,18.7,391,4
2001,11,151,VAN - CARGO,4.3,6,1,1,17.8,368,10
2001,11,151,VAN - CARGO,5,8,1,1,18.7,389,10
2001,11,151,VAN - CARGO,5.7,8,1,1,19.3,398,10
2001,11,152,VAN - PASSENGER,4.3,6,1,1,18.3,380,11
2001,11,152,VAN - PASSENGER,5,8,1,1,18.7,389,11
2001,11,152,VAN - PASSENGER,5.7,8,1,1,19.9,407,11
2001,11,153,SUV,4.3,6,1,1,15.4,313,4
2001,11,153,SUV,4.3,6,2,1,17,343,4
2001,11,154,SUV,4.3,6,1,1,17.2,350,4
2001,11,154,SUV,4.3,6,2,1,18.7,386,4
2001,11,155,PICKUP TRUCK - STANDARD,4.3,6,1,1,17.2,350,12
2001,11,155,PICKUP TRUCK - STANDARD,4.3,6,2,1,18.7,386,12
2001,11,155,PICKUP TRUCK - STANDARD,4.8,8,1,1,17.1,357,12
2001,11,155,PICKUP TRUCK - STANDARD,4.8,8,2,1,20.3,409,12
2001,11,155,PICKUP TRUCK - STANDARD,5.3,8,1,1,18,377,12
2001,11,155,PICKUP TRUCK - STANDARD,6,8,1,1,23.2,478,12
2001,11,156,SUV,4.8,8,1,1,18.9,391,4
2001,11,156,SUV,5.3,8,1,1,19.1,403,4
2001,11,156,SUV,6,8,1,1,22.4,453,4
2001,11,157,SUV,5.3,8,1,1,19.1,403,4
2001,11,157,SUV,6,8,1,1,22.4,453,4
2001,11,158,VAN - CARGO,4.3,6,1,1,15.4,313,10
2001,11,159,VAN - CARGO,4.3,6,1,1,17.2,350,10
2001,11,160,VAN - PASSENGER,4.3,6,1,1,16,324,11
2001,11,161,VAN - PASSENGER,4.3,6,1,1,17.9,370,11
2001,11,162,PICKUP TRUCK - SMALL,4.3,6,1,1,15.4,313,13
2001,11,162,PICKUP TRUCK - SMALL,4.3,6,2,1,17,338,13
2001,11,163,PICKUP TRUCK - STANDARD,4.3,6,1,1,18.2,380,12
2001,11,163,PICKUP TRUCK - STANDARD,4.3,6,2,1,18.6,384,12
2001,11,164,PICKUP TRUCK - SMALL,2.2,4,1,1,14.2,283,13
2001,11,164,PICKUP TRUCK - SMALL,2.2,4,1,3,19.6,275,13
2001,11,164,PICKUP TRUCK - SMALL,2.2,4,2,1,13,260,13
2001,11,164,PICKUP TRUCK - SMALL,2.2,4,2,3,17.3,245,13
2001,12,165,MID-SIZE,2.3,4,1,1,11.8,239,2
2001,12,165,MID-SIZE,2.3,4,2,1,11,223,2
2001,12,165,MID-SIZE,3,6,1,1,13.2,260,2
2001,12,166,COMPACT,1.7,4,1,1,9.3,189,1
2001,12,166,COMPACT,1.7,4,2,1,8.6,179,1
2001,12,167,COMPACT,1.7,4,1,1,9.3,191,1
2001,12,167,COMPACT,1.7,4,2,1,8.9,191,1
2001,12,168,SUV,2,4,1,1,12.5,267,4
2001,12,168,SUV,2,4,2,1,12.5,267,4
2001,12,169,TWO-SEATER,1,3,2,1,4.9,104,5
2001,12,170,MINIVAN,3.5,6,1,1,14.9,294,14
2001,12,171,SUBCOMPACT,2.2,4,5,2,12.7,260,3
2001,12,171,SUBCOMPACT,2.2,4,2,2,12,251,3
2001,12,172,TWO-SEATER,2,4,6,2,13.2,269,5
2001,13,173,COMPACT,1.5,4,1,1,10.8,214,1
2001,13,173,COMPACT,1.5,4,2,1,9.6,196,1
2001,13,173,COMPACT,1.6,4,1,1,10.8,212,1
2001,13,173,COMPACT,1.6,4,2,1,10,198,1
2001,13,174,COMPACT,2,4,1,1,11,219,1
2001,13,174,COMPACT,2,4,2,1,11,219,1
2001,13,175,SUV,2.7,6,1,1,14.2,292,4
2001,13,176,MID-SIZE,2.4,4,1,1,12.9,258,2
2001,13,177,MID-SIZE,2.5,6,1,1,13.4,267,2
2001,13,178,SUBCOMPACT,2,4,1,1,12.5,246,3
2001,13,178,SUBCOMPACT,2,4,2,1,11.5,230,3
2001,13,179,MID-SIZE,3,6,4,1,14.2,278,2
2001,14,180,COMPACT,2,4,1,1,11.6,235,1
2001,14,180,COMPACT,2,4,2,1,11.4,230,1
2001,14,181,MID-SIZE,3,6,1,1,13.6,271,2
2001,14,182,MID-SIZE,4.1,8,1,2,15,304,2
2001,14,183,SUV,3.5,6,1,1,17.3,363,4
2001,15,184,SUV,3.2,6,1,1,16.2,334,4
2001,15,184,SUV,3.2,6,2,1,16.3,336,4
2001,15,185,SUV,3.5,6,1,1,17.3,359,4
2001,15,185,SUV,3.5,6,2,1,17.7,366,4
2001,16,186,MID-SIZE,3,6,4,2,14.9,292,2
2001,16,186,MID-SIZE,4,8,4,2,15.2,301,2
2001,16,187,MID-SIZE,4,8,4,2,15.3,306,2
2001,16,188,COMPACT,4,8,4,2,15.3,306,1
2001,16,189,MID-SIZE,4,8,4,2,15.3,306,2
2001,16,190,COMPACT,4,8,4,2,16.3,327,1
2001,16,191,SUBCOMPACT,4,8,4,2,15.3,306,3
2001,16,192,MINICOMPACT,4,8,4,2,15.3,306,8
2001,16,193,SUBCOMPACT,4,8,4,2,16.3,327,3
2001,16,194,MINICOMPACT,4,8,4,2,16.3,327,8
2001,17,195,SUV,4,6,1,1,17.3,352,4
2001,17,195,SUV,4,6,2,1,15.2,313,4
2001,17,196,SUV,4,6,1,1,16.6,338,4
2001,17,196,SUV,4.7,8,4,1,18.4,370,4
2001,17,197,SUBCOMPACT,3.7,6,1,2,16.5,343,3
2001,17,198,SUV,2.5,4,7,1,16.4,352,4
2001,17,198,SUV,2.5,4,2,1,14.2,311,4
2001,17,198,SUV,4,6,7,1,17.4,370,4
2001,17,198,SUV,4,6,2,1,16.7,352,4
2001,18,199,COMPACT,2.4,4,1,1,13.3,267,1
2001,18,199,COMPACT,2.4,4,2,1,12.5,253,1
2001,18,199,COMPACT,2.5,6,1,1,13.8,281,1
2001,18,199,COMPACT,2.5,6,2,1,12.8,262,1
2001,18,200,SUBCOMPACT,1.5,4,1,1,10.6,221,3
2001,18,200,SUBCOMPACT,1.5,4,2,1,9.9,209,3
2001,18,201,COMPACT,1.8,4,1,1,12.1,239,1
2001,18,201,COMPACT,1.8,4,2,1,11.7,239,1
2001,18,202,SUV,2,4,1,1,14.6,306,4
2001,18,202,SUV,2,4,2,1,13.3,288,4
2001,19,203,COMPACT,3,6,1,1,13.8,276,1
2001,19,204,MID-SIZE,3,6,3,2,14.9,299,2
2001,19,205,MID-SIZE,4.3,8,4,2,14.5,297,2
2001,19,206,SUBCOMPACT,3,6,3,2,14.9,304,3
2001,19,207,FULL-SIZE,4.3,8,4,2,14.4,290,7
2001,19,208,SUV,4.7,8,1,1,20.2,421,4
2001,19,209,SUV,3,6,1,1,14.3,294,4
2001,19,210,SUV,3,6,1,1,14.6,304,4
2001,20,211,FULL-SIZE,4.6,8,1,2,15.2,297,7
2001,20,212,MID-SIZE,3,6,4,2,15.6,306,2
2001,20,212,MID-SIZE,3,6,2,2,14.6,288,2
2001,20,212,MID-SIZE,3.9,8,4,2,15.7,311,2
2001,20,212,MID-SIZE,3.9,8,4,2,15.9,313,2
2001,20,213,SUV,5.4,8,1,2,22.4,449,4
2001,20,214,FULL-SIZE,4.6,8,1,1,14.9,294,7
2001,21,215,MID-SIZE,2,4,1,1,12.8,258,2
2001,21,215,MID-SIZE,2,4,2,1,10.8,221,2
2001,21,215,MID-SIZE,2.5,6,1,2,13.7,278,2
2001,21,215,MID-SIZE,2.5,6,2,2,13.3,271,2
2001,21,216,PICKUP TRUCK - STANDARD,3,6,4,1,16,327,12
2001,21,216,PICKUP TRUCK - STANDARD,3,6,2,1,15.2,311,12
2001,21,217,PICKUP TRUCK - STANDARD,4,6,4,1,16.4,336,12
2001,21,217,PICKUP TRUCK - STANDARD,4,6,2,1,15.4,320,12
2001,21,218,PICKUP TRUCK - STANDARD,4,6,4,1,17.3,359,12
2001,21,218,PICKUP TRUCK - STANDARD,4,6,2,1,16.9,350,12
2001,21,219,COMPACT,2.5,6,1,2,13.8,276,1
2001,21,220,COMPACT,2.3,6,1,2,13.7,271,1
2001,21,221,MINIVAN,2.5,6,1,1,15.2,313,14
2001,21,222,TWO-SEATER,1.8,4,1,2,12,248,5
2001,21,222,TWO-SEATER,1.8,4,2,2,11.6,242,5
2001,21,222,TWO-SEATER,1.8,4,6,2,11.8,246,5
2001,21,223,COMPACT,1.6,4,1,1,10.6,221,1
2001,21,223,COMPACT,1.6,4,2,1,9.8,207,1
2001,21,223,COMPACT,2,4,1,1,11.3,235,1
2001,21,223,COMPACT,2,4,2,1,11,228,1
2001,21,224,SUV,2,4,2,1,11.4,239,4
2001,21,224,SUV,3,6,1,1,14.7,294,4
2001,21,225,SUV,2,4,2,1,12,253,4
2001,21,225,SUV,3,6,1,1,15,301,4
2001,22,226,COMPACT,2.6,6,4,2,13.4,269,1
2001,22,226,COMPACT,2.6,6,6,2,14.5,283,1
2001,22,227,COMPACT,3.2,6,4,2,13.8,278,1
2001,22,228,COMPACT,5,8,4,2,16.2,320,1
2001,22,229,COMPACT,5.8,12,4,2,16.9,327,1
2001,22,230,SUBCOMPACT,3.2,6,4,2,12.9,255,3
2001,22,231,MINICOMPACT,3.2,6,4,2,13.3,260,8
2001,22,232,SUBCOMPACT,4.3,8,4,2,14.5,290,3
2001,22,233,MINICOMPACT,4.3,8,4,2,14.8,297,8
2001,22,234,SUBCOMPACT,5.5,8,4,2,15.1,301,3
2001,22,235,MID-SIZE,3.2,6,4,2,13.1,260,2
2001,22,236,MID-SIZE,3.2,6,4,2,13.4,269,2
2001,22,237,STATION WAGON - MID-SIZE,3.2,6,4,2,13.5,271,6
2001,22,238,STATION WAGON - MID-SIZE,2.3,6,4,2,13.5,267,6
2001,22,239,MID-SIZE,4.3,8,4,2,14.7,292,2
2001,22,240,MID-SIZE,4.3,8,4,2,15.1,304,2
2001,22,241,MID-SIZE,5.5,8,4,2,15.2,304,2
2001,22,242,SUV,3.2,6,4,2,15.5,322,4
2001,22,243,SUV,4.3,8,4,2,16.5,340,4
2001,22,244,SUV,5.5,8,4,2,19,393,4
2001,22,245,FULL-SIZE,4.3,8,4,2,14.9,292,7
2001,22,246,FULL-SIZE,5,8,4,2,16.2,320,7
2001,22,247,FULL-SIZE,5.8,12,4,2,16.9,327,7
2001,22,248,TWO-SEATER,5,8,4,2,16.3,322,5
2001,22,249,TWO-SEATER,5.8,12,4,2,20.8,403,5
2001,22,250,TWO-SEATER,2.3,6,4,2,11.8,239,5
2001,22,250,TWO-SEATER,2.3,6,6,2,13.2,258,5
2001,22,251,TWO-SEATER,3.2,6,4,2,12.9,260,5
2001,22,251,TWO-SEATER,3.2,6,6,2,14.6,283,5
2001,23,252,COMPACT,2.4,4,1,1,12.3,251,1
2001,23,252,COMPACT,2.4,4,2,1,11.6,235,1
2001,23,253,PICKUP TRUCK - STANDARD,2.4,4,1,1,13.5,283,12
2001,23,253,PICKUP TRUCK - STANDARD,2.4,4,2,1,12,255,12
2001,23,254,PICKUP TRUCK - STANDARD,3.3,6,1,1,16.6,345,12
2001,23,254,PICKUP TRUCK - STANDARD,3.3,6,2,1,16,340,12
2001,23,255,PICKUP TRUCK - STANDARD,3.3,6,1,2,17,359,12
2001,23,255,PICKUP TRUCK - STANDARD,3.3,6,2,2,17.3,366,12
2001,23,256,PICKUP TRUCK - STANDARD,3.3,6,1,1,17,357,12
2001,23,256,PICKUP TRUCK - STANDARD,3.3,6,2,1,16.2,347,12
2001,23,257,PICKUP TRUCK - STANDARD,3.3,6,1,2,17.4,366,12
2001,23,257,PICKUP TRUCK - STANDARD,3.3,6,2,2,17.6,373,12
2001,23,258,MID-SIZE,3,6,1,1,13.6,271,2
2001,23,258,MID-SIZE,3,6,2,1,12.2,251,2
2001,23,259,SUV,3.5,6,1,1,17.3,363,4
2001,23,259,SUV,3.5,6,2,1,16.4,350,4
2001,23,260,MINIVAN,3.3,6,1,1,15.5,311,14
2001,23,261,COMPACT,1.8,4,1,1,10.3,212,1
2001,23,261,COMPACT,1.8,4,2,1,10.1,205,1
2001,23,261,COMPACT,2,4,1,1,11.2,230,1
2001,23,261,COMPACT,2,4,2,1,11.3,230,1
2001,23,262,SUV,3.3,6,1,1,17,357,4
2001,23,262,SUV,3.3,6,2,1,16.2,347,4
2001,24,263,COMPACT,2.4,4,1,1,12.7,251,1
2001,24,263,COMPACT,2.4,4,2,1,13.1,255,1
2001,24,263,COMPACT,3.4,6,1,1,12.5,239,1
2001,24,264,MID-SIZE,3.5,6,1,1,14.9,288,2
2001,24,264,MID-SIZE,4,8,1,2,15.3,301,2
2001,24,265,MID-SIZE,3.5,6,1,1,13.8,271,2
2001,24,266,MINIVAN,3.4,6,1,1,13.8,276,14
2001,25,267,TWO-SEATER,3.5,6,5,2,15.4,311,5
2001,26,268,SUV,3.4,6,1,1,13.8,276,4
2001,26,269,SUV,3.4,6,1,1,14.3,288,4
2001,26,270,FULL-SIZE,3.8,6,1,1,13.8,265,7
2001,26,271,FULL-SIZE,3.8,6,1,2,14.5,278,7
2001,26,272,SUBCOMPACT,3.8,6,1,1,13.7,260,3
2001,26,272,SUBCOMPACT,3.8,6,2,1,13.8,260,3
2001,26,272,SUBCOMPACT,5.7,8,1,2,14.7,297,3
2001,26,272,SUBCOMPACT,5.7,8,6,2,14.4,283,3
2001,26,273,COMPACT,2.4,4,1,1,12.7,251,1
2001,26,273,COMPACT,2.4,4,2,1,12.9,251,1
2001,26,273,COMPACT,3.4,6,1,1,12.5,239,1
2001,26,274,MID-SIZE,3.1,6,1,1,13,258,2
2001,26,274,MID-SIZE,3.8,6,1,1,14.3,271,2
2001,26,275,MID-SIZE,3.8,6,1,2,14.3,276,2
2001,26,276,MINIVAN,3.4,6,1,1,13.8,276,14
2001,26,277,COMPACT,2.2,4,1,1,11.7,235,1
2001,26,277,COMPACT,2.2,4,2,1,12.2,239,1
2001,26,277,COMPACT,2.4,4,1,1,12.9,255,1
2001,26,277,COMPACT,2.4,4,2,1,12.7,246,1
2001,27,278,MINICOMPACT,3.4,6,3,2,16,308,8
2001,27,278,MINICOMPACT,3.4,6,6,2,15.4,301,8
2001,27,279,MINICOMPACT,3.4,6,3,2,16,313,8
2001,27,279,MINICOMPACT,3.4,6,6,2,15.7,311,8
2001,27,280,MINICOMPACT,3.6,6,3,2,17.7,343,8
2001,27,280,MINICOMPACT,3.6,6,6,2,17.2,338,8
2001,27,281,TWO-SEATER,2.7,6,3,2,15,297,5
2001,27,281,TWO-SEATER,2.7,6,2,2,13.7,271,5
2001,27,282,TWO-SEATER,3.2,6,3,2,15.9,311,5
2001,27,282,TWO-SEATER,3.2,6,6,2,15,294,5
2001,28,283,MID-SIZE,2,4,1,1,12.7,255,2
2001,28,283,MID-SIZE,2,4,2,1,13,260,2
2001,28,284,MID-SIZE,2,4,1,2,12.7,253,2
2001,28,284,MID-SIZE,2,4,2,2,12.2,242,2
2001,28,284,MID-SIZE,2.3,4,2,2,13,251,2
2001,28,285,MID-SIZE,2.3,4,1,1,13.3,262,2
2001,28,285,MID-SIZE,2.3,4,2,1,13.1,255,2
2001,28,285,MID-SIZE,3,6,1,2,14.4,283,2
2001,28,286,MID-SIZE,2.3,4,1,2,14,281,2
2001,28,286,MID-SIZE,2.3,4,2,2,13.2,265,2
2001,28,287,STATION WAGON - MID-SIZE,2.3,4,1,1,13.3,262,6
2001,28,287,STATION WAGON - MID-SIZE,2.3,4,2,1,13.1,255,6
2001,28,287,STATION WAGON - MID-SIZE,3,6,1,2,14.4,283,6
2001,28,288,STATION WAGON - MID-SIZE,2.3,4,1,2,14,281,6
2001,28,288,STATION WAGON - MID-SIZE,2.3,4,2,2,13.2,265,6
2001,29,289,MID-SIZE,2.2,4,1,1,11.7,235,2
2001,29,289,MID-SIZE,2.2,4,2,1,12.2,239,2
2001,29,290,MID-SIZE,3,6,1,1,13.3,269,2
2001,29,291,STATION WAGON - MID-SIZE,2.2,4,1,1,11.3,225,6
2001,29,292,STATION WAGON - MID-SIZE,3,6,1,1,13.3,269,6
2001,29,293,SUBCOMPACT,1.9,4,1,1,10.3,205,3
2001,29,293,SUBCOMPACT,1.9,4,2,1,9.6,189,3
2001,29,294,SUBCOMPACT,1.9,4,1,1,10.6,209,3
2001,29,294,SUBCOMPACT,1.9,4,2,1,10.3,202,3
2001,29,295,COMPACT,1.9,4,1,1,10,198,1
2001,29,295,COMPACT,1.9,4,2,1,9.3,184,1
2001,29,296,COMPACT,1.9,4,1,1,10.6,209,1
2001,29,296,COMPACT,1.9,4,2,1,10.3,202,1
2001,29,297,STATION WAGON - SMALL,1.9,4,1,1,10.6,209,9
2001,29,297,STATION WAGON - SMALL,1.9,4,2,1,10.3,202,9
2001,30,298,SUV,2.5,4,1,1,12.2,255,4
2001,30,298,SUV,2.5,4,2,1,12.5,253,4
2001,30,299,SUBCOMPACT,2.2,4,1,1,11.7,239,3
2001,30,299,SUBCOMPACT,2.2,4,2,1,11.8,242,3
2001,30,299,SUBCOMPACT,2.5,4,1,1,11.8,244,3
2001,30,299,SUBCOMPACT,2.5,4,2,1,12.8,258,3
2001,30,300,STATION WAGON - SMALL,2.2,4,1,1,11.7,239,9
2001,30,300,STATION WAGON - SMALL,2.2,4,2,1,11.8,242,9
2001,30,301,COMPACT,2.5,4,1,1,12.2,255,1
2001,30,301,COMPACT,2.5,4,2,1,12.5,253,1
2001,30,302,STATION WAGON - MID-SIZE,2.5,4,1,1,12.3,255,6
2001,30,302,STATION WAGON - MID-SIZE,2.5,4,2,1,12.5,253,6
2001,30,302,STATION WAGON - MID-SIZE,3,6,1,2,13.1,265,6
2001,31,303,SUBCOMPACT,1.6,4,1,1,9.9,205,3
2001,31,303,SUBCOMPACT,1.6,4,2,1,8.8,182,3
2001,31,304,STATION WAGON - SMALL,1.8,4,1,1,10.3,209,9
2001,31,304,STATION WAGON - SMALL,1.8,4,2,1,9.6,196,9
2001,31,305,SUV,2.5,6,1,1,14.5,313,4
2001,31,305,SUV,2.5,6,2,1,13.8,294,4
2001,31,306,SUBCOMPACT,1.3,4,7,1,9.1,191,3
2001,31,306,SUBCOMPACT,1.3,4,2,1,7.6,156,3
2001,31,307,SUV,2,4,1,1,11.7,251,4
2001,31,307,SUV,2,4,2,1,11.8,253,4
2001,31,308,SUV,1.6,4,2,1,10.5,228,4
2001,31,308,SUV,2,4,1,1,11.7,253,4
2001,31,308,SUV,2,4,2,1,11.8,255,4
2001,31,309,SUV,2.7,6,1,1,15.4,327,4
2001,31,309,SUV,2.7,6,2,1,15.2,322,4
2001,32,310,SUV,3.4,6,1,1,16.1,343,4
2001,32,311,FULL-SIZE,3,6,1,1,12.7,251,7
2001,32,312,MID-SIZE,2.2,4,1,1,11.5,230,2
2001,32,312,MID-SIZE,2.2,4,2,1,11.3,223,2
2001,32,312,MID-SIZE,3,6,1,1,13.5,269,2
2001,32,313,COMPACT,2.2,4,1,1,11.5,230,1
2001,32,313,COMPACT,3,6,1,1,13.5,269,1
2001,32,313,COMPACT,3,6,2,1,12.7,253,1
2001,32,314,SUBCOMPACT,3,6,1,1,14,281,3
2001,32,315,SUBCOMPACT,1.8,4,1,1,9.5,193,3
2001,32,315,SUBCOMPACT,1.8,4,5,2,11.6,237,3
2001,32,315,SUBCOMPACT,1.8,4,2,1,9.6,202,3
2001,32,315,SUBCOMPACT,1.8,4,6,2,11.6,230,3
2001,32,316,COMPACT,1.8,4,1,1,8.9,179,1
2001,32,316,COMPACT,1.8,4,2,1,8.5,175,1
2001,32,317,COMPACT,1.5,4,1,1,8.6,179,1
2001,32,317,COMPACT,1.5,4,2,1,8,166,1
2001,32,318,COMPACT,1.5,4,8,1,5.5,129,1
2001,32,319,SUV,2,4,1,1,11.9,251,4
2001,32,319,SUV,2,4,2,1,12,251,4
2001,32,320,SUV,4.7,8,1,1,19.3,400,4
2001,32,321,MINIVAN,3,6,1,1,13.9,283,14
2001,32,322,PICKUP TRUCK - STANDARD,2.4,4,1,1,12.7,274,12
2001,32,322,PICKUP TRUCK - STANDARD,2.4,4,2,1,12.6,267,12
2001,32,322,PICKUP TRUCK - STANDARD,2.7,4,1,1,14,304,12
2001,32,322,PICKUP TRUCK - STANDARD,3.4,6,1,1,15.7,338,12
2001,32,323,PICKUP TRUCK - STANDARD,2.7,4,1,1,13.9,299,12
2001,32,323,PICKUP TRUCK - STANDARD,2.7,4,2,1,14.5,306,12
2001,32,323,PICKUP TRUCK - STANDARD,3.4,6,1,1,16.1,343,12
2001,32,323,PICKUP TRUCK - STANDARD,3.4,6,2,1,15.6,331,12
2001,32,324,PICKUP TRUCK - STANDARD,3.4,6,1,1,16.1,336,12
2001,32,324,PICKUP TRUCK - STANDARD,3.4,6,2,1,15.7,334,12
2001,32,324,PICKUP TRUCK - STANDARD,4.7,8,1,1,17.8,370,12
2001,32,324,PICKUP TRUCK - STANDARD,4.7,8,4,1,17.4,363,12
2001,32,325,PICKUP TRUCK - STANDARD,3.4,6,1,1,17.2,368,12
2001,32,325,PICKUP TRUCK - STANDARD,4.7,8,1,1,18.4,386,12
2001,33,326,SUBCOMPACT,2,4,1,1,12.6,253,3
2001,33,326,SUBCOMPACT,2,4,2,1,11.2,230,3
2001,33,327,COMPACT,1.8,4,1,2,11.9,246,1
2001,33,327,COMPACT,1.8,4,2,2,11,225,1
2001,33,327,COMPACT,2,4,1,1,11.9,244,1
2001,33,327,COMPACT,2,4,2,1,11.2,228,1
2001,33,328,COMPACT,1.9,4,1,5,8.1,192,1
2001,33,328,COMPACT,1.9,4,2,5,6.8,167,1
2001,33,329,COMPACT,1.8,4,1,2,11.9,246,1
2001,33,329,COMPACT,1.8,4,2,2,11,225,1
2001,33,329,COMPACT,2.8,6,2,1,13.2,260,1
2001,33,330,COMPACT,1.8,4,1,2,11.9,246,1
2001,33,330,COMPACT,1.8,4,2,2,11,225,1
2001,33,330,COMPACT,2,4,1,1,11.9,244,1
2001,33,330,COMPACT,2,4,2,1,11.2,228,1
2001,33,330,COMPACT,2.8,6,1,1,13.9,278,1
2001,33,330,COMPACT,2.8,6,2,1,13.6,267,1
2001,33,331,COMPACT,1.9,4,1,5,8.1,192,1
2001,33,331,COMPACT,1.9,4,2,5,6.8,167,1
2001,33,332,SUBCOMPACT,1.8,4,1,2,11.7,239,3
2001,33,332,SUBCOMPACT,1.8,4,2,2,11,228,3
2001,33,332,SUBCOMPACT,2,4,1,1,11.9,244,3
2001,33,332,SUBCOMPACT,2,4,2,1,11.2,228,3
2001,33,333,SUBCOMPACT,1.9,4,1,5,8.1,192,3
2001,33,333,SUBCOMPACT,1.9,4,2,5,6.8,167,3
2001,33,334,MID-SIZE,1.8,4,4,2,13.3,262,2
2001,33,334,MID-SIZE,1.8,4,2,2,11.9,237,2
2001,33,334,MID-SIZE,2.8,6,4,2,14.6,285,2
2001,33,334,MID-SIZE,2.8,6,2,2,13.4,262,2
2001,33,335,COMPACT,2.8,6,4,2,15.3,306,1
2001,33,336,STATION WAGON - MID-SIZE,2.8,6,4,2,15.3,306,6
2001,33,337,STATION WAGON - MID-SIZE,1.8,4,4,2,13.3,262,6
2001,33,337,STATION WAGON - MID-SIZE,1.8,4,2,2,11.9,237,6
2001,33,337,STATION WAGON - MID-SIZE,2.8,6,4,2,14.6,285,6
2001,33,337,STATION WAGON - MID-SIZE,2.8,6,2,2,13.4,262,6
2001,34,338,SUBCOMPACT,2.3,5,4,2,13.4,271,3
2001,34,338,SUBCOMPACT,2.3,5,2,2,13,260,3
2001,34,338,SUBCOMPACT,2.4,5,4,2,13.3,267,3
2001,34,339,COMPACT,2.3,5,4,2,13.3,267,1
2001,34,339,COMPACT,2.3,5,2,2,12.9,258,1
2001,34,339,COMPACT,2.4,5,4,2,12.9,258,1
2001,34,340,COMPACT,1.9,4,4,2,11.9,235,1
2001,34,341,COMPACT,2.4,5,4,2,12.8,258,1
2001,34,341,COMPACT,2.4,5,2,2,12.5,253,1
2001,34,342,COMPACT,2.4,5,4,2,12.9,258,1
2001,34,342,COMPACT,2.4,5,3,2,12.9,258,1
2001,34,343,COMPACT,2.3,5,3,2,13.3,267,1
2001,34,343,COMPACT,2.3,5,2,2,12.9,258,1
2001,34,344,MID-SIZE,2.9,6,1,2,13.6,271,2
2001,34,345,MID-SIZE,2.8,6,5,2,14.2,281,2
2001,34,346,STATION WAGON - SMALL,1.9,4,4,2,11.9,235,9
2001,34,347,STATION WAGON - MID-SIZE,2.4,5,4,2,13.3,267,6
2001,34,347,STATION WAGON - MID-SIZE,2.4,5,3,2,13.3,267,6
2001,34,348,STATION WAGON - MID-SIZE,2.3,5,3,2,13.4,271,6
2001,34,348,STATION WAGON - MID-SIZE,2.3,5,2,2,13,260,6
2001,34,349,STATION WAGON - MID-SIZE,2.4,5,4,2,12.8,258,6
2001,34,349,STATION WAGON - MID-SIZE,2.4,5,2,2,12.5,253,6
2001,34,350,STATION WAGON - MID-SIZE,2.4,5,3,2,14.4,288,6
2001,34,351,SUV,2.4,5,3,2,14.8,306,4
